district,block,clf_id,clf_name,partner_organization,project_title
Balod,Balod,330000150247,DHARA CLF LATABOD,,
Balod,Balod,330000150223,BOOMI CLF BAGHMARA,,
Balod,Balod,330000150234,VRINDAVAN CLF JAMARUA,,
Balod,Balod,330000150252,SANSKAR CLF KARHIBHADER,,
Balod,Dondi,330000150313,NAYA SABERA MAHILA CULASTAR KUSUMKASA,,
Balod,Dondi,330000150309,SHAKHI MAHILA SANKUL SANSADHAN,,
Balod,Dondi,330000150321,MUSKAN MAHILA CLUSTER AWARI,,
Balod,Dondi,330000150332,NAI DISHA MAHILA CLUSTER BHARRITOLA,,
Balod,Dondilohara,330000150299,VIVEK CLUSTER SANGATHAN SUREGAON,,
Balod,Dondilohara,330000150281,DHAROHAR SANKUL SANGATHAN NAHANDA,,
Balod,Dondilohara,330000150275,JANANI MAHILA SANKUL SANGATHAN DUDHALI,,
Balod,Dondilohara,330000150268,VASUNDHARA MAHILA SANKUL SANGATHAN RENGADABARI,,
Balod,Gunderdehi,330000150366,SAGAR MAHILA SANKUL STARIYA SANGATHANA,,
Balod,Gunderdehi,330000150345,SANSKAR MAHILA CLF,,
Balod,Gunderdehi,330000150378,SANGAM MAHILA CLF,,
Balod,Gunderdehi,330000150350,PRAGATI MAHILA CLF,,
Balod,Gurur,330000150418,AACHAL MAHILA CLASTER SANGHATHAN BHARDA,,
Balod,Gurur,330000150397,SANGAM MAHILA CLUSTER SANGATHAN DHANAPURI,,
Balod,Gurur,330000150384,AASHIRWAD MAHILA CLASTER SANGHATHAN KULIYA,,
Balod,Gurur,330000150402,ARPAN MAHILA SANKUL SANGATHAN SANOUD,,
Baloda Bazar,Balodabazar,330000149879,HAR HAR MAHADEV CLUSTER SANGATHAN,,
Baloda Bazar,Balodabazar,330000149880,CHHATTISGARH MAHATARI CLUSTER SANGATHAN LAHOD,,
Baloda Bazar,Balodabazar,330000149851,AADI SHAKTI MAHILA CLUSTER SANGTHAN ARJUNI,,
Baloda Bazar,Balodabazar,330000149867,BHARATI MAHILA CLUSTER SANGATHAN,,
Baloda Bazar,Bhatapara,330000149776,JANANI MAHILA CLUSTER SANGATHAN TARENGA,,
Baloda Bazar,Bhatapara,330000149805,GARIMA MAHILA CLUSTER SANGATHAN NIPANIYA,,
Baloda Bazar,Bhatapara,330000149795,SHAKTI MAHILA CLUSTER SANGTHAN KARHI BAZAR,,
Baloda Bazar,Bhatapara,330000149782,ASHA MAHILA CLUSTER SANGATHAN AMLIDIH,,
Baloda Bazar,Kasdol,330000149898,SHAKTI CLUSTER SANGATHAN GIRAUDHPURI,,
Baloda Bazar,Kasdol,330000149912,KARUNA MAHILA KLASTER SANGTHAN SONAKHAN,,
Baloda Bazar,Kasdol,330000149920,SANGAM MAHILA CLUSTER SANGHATAN BORSI,,
Baloda Bazar,Kasdol,330000149908,UMANG SANKUL SANGHTAN,,
Baloda Bazar,Palari,330000149949,ASTHA CLASTER SANGHATHAN,,
Baloda Bazar,Palari,330000149954,NISHTA CLF VATGAN,,
Baloda Bazar,Palari,330000149931,NAYI KIRAN CLF,,
Baloda Bazar,Palari,330000149965,PRAYASH CLUSTER SANGATHAN ROHANSI,,
Baloda Bazar,Simga,330000150004,SAKHI MAHILA CLF,,
Baloda Bazar,Simga,330000149977,UDAN MAHILA CLF,PRADAN,
Baloda Bazar,Simga,330000149983,SHUBH CLF,PRADAN,
Baloda Bazar,Simga,330000149996,SAGAR MAHILA CLF,,
Balrampur,Balrampur,330000150494,MOTHER TERESHA CLF MAHARAJGANJ,,
Balrampur,Balrampur,330000150500,DURGAWATI MAHILA CLUSTER SANGATHAN,PRADAN,
Balrampur,Balrampur,330000150516,DHARTI MATA CLF KOCHLI,PRADAN,
Balrampur,Balrampur,330000150528,GAYTRI MAHILA CLUSTER SNGATHAN RANHAT,,
Balrampur,Kusmi,330000150571,HARIYALI CLF,,
Balrampur,Kusmi,330000150559,AADARSH MAHILA CLF KORANDHA,,
Balrampur,Kusmi,330000150563,JIVATIYA CLF CHANDO,,
Balrampur,Kusmi,330000150544,MAA SHARDA MAHILA CLF,,
Balrampur,Rajpur,330000150592,MAA BIGHESWARI BUDHABAGICHA,,
Balrampur,Rajpur,330000150603,NARI SAKTI MAHILA SANKUL SANGATHAN PAR SAGUDI,,
Balrampur,Rajpur,330000150619,SHIV SHAKTI MAHILA CALSTAR SANGATAN,,
Balrampur,Rajpur,330000150626,AADHI SAKTI CLF JIGDI,PRADAN,
Balrampur,Ramchandrapur,330000150657,RAJMOHANI MAHILA CLF,,
Balrampur,Ramchandrapur,330000150635,HARIYALI MAHILA CLF BAGRA,,
Balrampur,Ramchandrapur,330000150642,ROSHANI MAHILA CLF RAMCHANDRAPUR,,
Balrampur,Ramchandrapur,330000150661,ADARSH MAHILA CLF ARAGAHI,,
Balrampur,Shankargarh,330000150674,UTTHAAN CLF KAMARI,PRADAN,
Balrampur,Shankargarh,330000150690,SANGAM CLF DURGAPUR,,
Balrampur,Shankargarh,330000150707,AASTHA CLF DIPADIH KALA,,
Balrampur,Shankargarh,330000150688,JYOTI CLF SHANKARGARH,,
Balrampur,Wadrafnagar,330000150711,AAKASH MAHILA CLF,,
Balrampur,Wadrafnagar,330000150748,MAMTA MAHILA CLF,,
Balrampur,Wadrafnagar,330000150730,AEKTA MAHILA CLF,,
Balrampur,Wadrafnagar,330000150724,JEEVAN DEEP CLF,,
Bastar,Bakawand,330000150782,JAGRITI AJIVIKA CLUSTER SANGATHAN,TRI,
Bastar,Bakawand,330000150769,ROSHNI WOMEN CLUSTER LEVEL FEDERATION,TRI,
Bastar,Bakawand,330000150776,TIRANGA MAHILA SANKUL SANGATHAN JAIBEL,TRI,
Bastar,Bakawand,330000150753,BALIDAN MAHILA SANKUL SANNGATHAN,TRI,
Bastar,Bastanar,330000150805,RANI DURGAWATI CLUSTER SANGATHAN BADEKIL EPAL,,
Bastar,Bastanar,330000150814,BHARAT MATA CLUSTER SANGHATHAN,,
Bastar,Bastanar,330000150822,VIKASH MAHILA CLF,,
Bastar,Bastanar,330000150795,NARMADA MAHILA CLUSTER SANGATHAN BADEKAK LUR,,
Bastar,Bastar,330000150846,JHANSHI KI RANI MAHILA CLUSTER SANGHTAN,,
Bastar,Bastar,330000150833,INDRAVATI MAHILA CLUSTER SANGATHAN CHAMI YA,PRADAN,
Bastar,Bastar,330000150851,NARI SHAKTI CLUSTER SANGATHAN PARCHANPAL,PRADAN,
Bastar,Bastar,330000150867,CHITRAKOT MAHILA CLUSTER SANGATHAN GHOTIYA,PRADAN,
Bastar,Darbha,330000150908,TIRATH DHARA MAHILA SANGH CHHINDAWADA,PRADAN,
Bastar,Darbha,330000150880,TIRATHDHARA MAHILA SANGH SANKUL ALWA,PRADAN,
Bastar,Darbha,330000150898,TIRATHDHARA MAHILA SANGH TIRATHDHARA MAHILA SANGH,PRADAN,
Bastar,Darbha,330000150879,TIRATH DHARA MAHILA SANGH GUMADPAL,PRADAN,
Bastar,Jagdalpur,330000150949,DIKSHA MAHILA CLUSTER SANGATHAN NANGOOR,,
Bastar,Jagdalpur,330000150931,ROSHNI MAHILA CLUSTER SANGATHAN MADPAL,PRADAN,
Bastar,Jagdalpur,330000150912,TIRANGA MAHILA CLUSTER SANGATAN PANDRIPANI,PRADAN,
Bastar,Jagdalpur,330000150920,MODEL PRABHARI JEEVAN JYOTI CLUSTER SANGTHAN NRETP BASTAR,,
Bastar,Lohandiguda,330000150965,MAHARANI MAHILA CLUSTER SANGATAN ALNAR,,
Bastar,Lohandiguda,330000150954,MAHILA SHAKTI SANKUL SANGATHAN USARIBEDA,,
Bastar,Lohandiguda,330000150977,MATRABHOOMI MAHILA CLUSTER MARDUM,,
Bastar,Lohandiguda,330000150983,LAKSHYADEEP CLUSTER SANGATHAN,PRADAN,
Bastar,Tokapal,330000151016,CLUSTER SANGTHAN NARANGI,PRADAN,
Bastar,Tokapal,330000151028,RANI LAXMI BAI MAHILA CLUSTAR SANGATHAN,PRADAN,
Bastar,Tokapal,330000150996,DHARTI MAA CLUSTER SANGATHAN RAYKOT,,
Bastar,Tokapal,330000151000,KALPANA MAHILA CLUSTER SANGATHAN,PRADAN,
Bemetara,Bemetara,330000151037,TIRANGA SANKUL SANGTHAN,,
Bemetara,Bemetara,330000151063,SHIV SHAKTI SANKUL SANGTHAN,,
Bemetara,Bemetara,330000151044,MATRITVA SANKUL SANGATHAN,,
Bemetara,Bemetara,330000151059,AASTHA SANKUL SANGATHAN KHANDSARA,,
Bemetara,Berla,330000151125,PRERANA CLF,,
Bemetara,Berla,330000151156,PRABHAT SANKUL SANGDHAN,,
Bemetara,Berla,330000151139,ABHILASHA CLF,,
Bemetara,Berla,330000151141,UDAN CLF,,
Bemetara,Nawagarh,330000151187,SAKSHI SANKUL SANGATHAN,,
Bemetara,Nawagarh,330000151194,GARIMA MAHILA CLUSTER SANGATHAN MURTA,,
Bemetara,Nawagarh,330000151160,TIRANGA SHANKUL SANGATHAN,,
Bemetara,Nawagarh,330000151173,JHANSI MAHILA SANKUL SANGATHAN,,
Bemetara,Saja,330000151211,NAVYA MAHILA CLF KARESARA,,
Bemetara,Saja,330000151207,SANSKAR MAHILA CLF THELKA,,
Bemetara,Saja,330000151224,AASTHA MAHILA CLF TENDUBHATHA,,
Bemetara,Saja,330000151230,BHARAT MATA SANKUL SANGTHAN DEURGAON,,
Bijapur,Bhairamgarh,330000150425,BHAIRAMBABA CLUSTER SANGATHAN,,
Bijapur,Bhairamgarh,330000226791,ROSHANI MAHILA SANKUL SAGATHAN CLUSTER BHAIRAMGARH,,
Bijapur,Bhairamgarh,330000164996,SHIV SHAKTI MAHILA SANKUL SANGATAN,,
Bijapur,Bhairamgarh,330000164983,UJALA MAHILA SANKUL SANGTHAN,,
Bijapur,Bhopal Patnam,330000161801,JAI KEDARNATH MAHILA SANKUL SANGATN,,
Bijapur,Bhopal Patnam,330000161715,VRINDRA MAHILA SANKUL SANGATHAN,,
Bijapur,Bhopal Patnam,330000150439,BHARAT MATA,,
Bijapur,Bhopal Patnam,330000161198,MA KALI,,
Bijapur,Bhopal Patnam,330000161886,AADARSH,,
Bijapur,Bijapur,330000150473,DEVI MAHILA SANKUL SANGHATAN DHANORA,,
Bijapur,Bijapur,330000150456,PREM MAHILA SANKUL SANGATHAN,,
Bijapur,Bijapur,330000150441,JAGAT MATA,,
Bijapur,Bijapur,330000150460,DISHA MAHILA SANKUL SANGATHAN,,
Bijapur,Usoor,330000282378,UJALA MAHILA SANKUL SANGATN,,
Bijapur,Usoor,330000273336,RANI DURGAVATI MAHILA CLUSTAR SANGATHAN,,
Bijapur,Usoor,330000150487,UDAN MAHILA SANKUL SANGATHAN AWAPALLI,,
Bilaspur,Belha,330000150058,NAVPRABHAT CLUSTER SANGATHAN BARTORI,,
Bilaspur,Belha,330000150027,GYANSUDHA SANKUL SANGTHAN SEMARTAL,,
Bilaspur,Belha,330000150036,PRERNADAYINI AAJIVIKA SANKUL SANGATHAN BHAISBOD,,
Bilaspur,Belha,330000150043,JIVAN SAHARA AJIVIKA SANKUL SANGATHAN BELTARA,,
Bilaspur,Kota,330000150070,PRAGTI MAHILA KALASTAR SANGATHAN GRAM PANCHAYAT KARGI,,
Bilaspur,Kota,330000150062,BHARAT MATA AJIVIKA MAHILA CLUSTER SANGHTAN,,
Bilaspur,Kota,330000150089,NARI SHAKTI AJIVIKA SANKUL SANGTHAN,,
Bilaspur,Kota,330000150091,PRATHNA MAHILA CLUSTER SANGTHAN,,
Bilaspur,Masturi,330000150117,PRERNA MAHILA SANKUL SANGATHAN CHILHATI,,
Bilaspur,Masturi,330000150101,NAMRATA MAHILA CULSTOR SANGATHAN MASTURI,,
Bilaspur,Masturi,330000150129,HARIYALI MAHILA CLUSTER SANGATHAN SEEPAT,,
Bilaspur,Masturi,330000150138,ROOP AMRIT SANKUL SANGATHAN TIKARI,,
Bilaspur,Takhatpur,330000150210,SWARAJ AJIVIKA SANKUL SANGATHAN AMSENA,,
Bilaspur,Takhatpur,330000150206,VIKASH JYOTI AJIVIKA SANKUL SANGATHAN KHAPRI,,
Bilaspur,Takhatpur,330000150186,SAMRIDDHI AAJIVIKA CLUSTER SANGATHAN,,
Bilaspur,Takhatpur,330000150193,DIVYA JYOTI AAJIVIKA SANKUL SANGATHAN BELPAN,,
Dantewada,Dantewada,330000151269,EKTA MAHILA CLUSTER SANGTHAN,,
Dantewada,Dantewada,330000151253,MAHILA KISHAN SANGTHAN BHANSI,,
Dantewada,Dantewada,330000151248,JAGRITI MAHILA SANKUL SANGATAN,PRADAN,
Dantewada,Dantewada,330000151276,DANTESHWARI MAHILA CLUSTER SANGTHAN,PRADAN,
Dantewada,Geedam,330000151314,SAKTI CLUSTER SANGATH HARAM,TRI,
Dantewada,Geedam,330000151282,DHARTI MATA CLUSTER SANGATHAN SAMLUR,TRI,
Dantewada,Geedam,330000151305,VIKAS SANKUL SANGATH BADE TUMNAR,TRI,
Dantewada,Geedam,330000151295,NAGDEVTA SANKUL SANGTHAN MUCHNAR,TRI,
Dantewada,Katekalyan,330000151398,MADHURAM CLUSTER SANGTHAN,,
Dantewada,Katekalyan,330000151367,SATYAM MAHILA KALSTAR SANGTHAN KATEKALYAN,,
Dantewada,Katekalyan,330000151379,SIVAM CLUSTER SANGTHAN,,
Dantewada,Katekalyan,330000151380,SUNDARAM CLUSTER SANGTHAN,,
Dantewada,Kuwakonda,330000151346,JAGRITHI CLUSTER SANGTHAN,,
Dantewada,Kuwakonda,330000151351,CHANDNI CLUSTER SANGTHAN,,
Dantewada,Kuwakonda,330000151322,EKTA MAHILA CULSTER SHAGTHAN,PRADAN,
Dantewada,Kuwakonda,330000151333,MAYUR CLUSTER SANGTHAN,,
Dhamtari,Dhamtari,330000151540,SADBHAWNA MAHILA SANKUL STARIYA SANGATHAN,PRADAN,
Dhamtari,Dhamtari,330000151538,ASHARYA MAHILA CLUSTER SANGATAN GRAM DEMAR,PRADAN,
Dhamtari,Dhamtari,330000151555,SARTHAK MAHILA CLUSTER SANGATHAN CLUSTER RUDRI JP DHAMTARI,,
Dhamtari,Dhamtari,330000151529,AANCHAL MAHILA CLUSTER SANGATHAN SAMBALPUR,,
Dhamtari,Kurud,330000151564,DEVI MAHILA CLUSTER SANGATHAN CHARRA,PRADAN,
Dhamtari,Kurud,330000151593,NIRMAL MAHILA CLUSTER SANGTHAN JEEJAMGAO N,,
Dhamtari,Kurud,330000151572,VIKASH MAHILA CLUSTER SANGATHAN KORRA,PRADAN,
Dhamtari,Kurud,330000151586,NAI DISHA MAHILA CLUSTER SANGTHAN SIRRI,,
Dhamtari,Magarlod,330000151627,JAI MAA BANJARI MAHILA CLUSTER SANTHANSINGPUR,PRADAN,
Dhamtari,Magarlod,330000151604,SADBHAVNA MAHILA KALSTER SANGTHAN MOHANDI,,
Dhamtari,Magarlod,330000151615,ANANT DEEP CLUSTER SANGATHAN GRAM BHARDA,,
Dhamtari,Magarlod,330000151636,ASTHA MAHILA CLUSTER SANGATHAN BADI KARELI,,
Dhamtari,Nagri,330000151662,MATR SHAKTI SANKUL DUGLI,,
Dhamtari,Nagri,330000151643,EKTA MAHILA SANKUL KUKREL,PRADAN,
Dhamtari,Nagri,330000151689,DIVYA SHAKTI MAHILA SANKUL BELARGAON,PRADAN,
Dhamtari,Nagri,330000151670,MAHILA SHAKTI SANKUL GATTASILLI,,
Dhamtari,Nagri,330000151658,BAHINI SHAKTI SANKUL SANKRA,PRADAN,
Durg,Dhamdha,330000151403,MATHURA,,
Durg,Dhamdha,330000151419,JHASI KI RANI,,
Durg,Dhamdha,330000151435,UJALA,,
Durg,Dhamdha,330000151426,SANSKAR,,
Durg,Durg,330000151457,SANSKRITI MAHILA CLUSTER NAGPRUA,,
Durg,Durg,330000151442,NARI SHAKTI MAHILA CLF,,
Durg,Durg,330000151474,SURBHI MAHILA CLUSTER SANGATHAN JEVRA,,
Durg,Durg,330000151461,UNNATI GRAM SANGATHAN RISHAMA,,
Durg,Patan,330000151488,UNNATI MAHILA KALASATAR SANGTHAN SELUD,,
Durg,Patan,330000151490,JAY BHAWANI CLUSTER SANGTHAN JAMGANV M,,
Durg,Patan,330000151501,ARADHANA MAHILA CLUSTER SANGTHAN DARBARMOKHALI,,
Durg,Patan,330000151517,SHRESHTH MAHILA CLUSTER SANGTHAN JAMGANV R,,
Gariyaband,Chhurra,330000151708,AADARSH MAHILA SANKUL SANGTHAN KANSINGHI,,
Gariyaband,Chhurra,330000151712,JHANSI MAHILA,PRADAN,
Gariyaband,Chhurra,330000151691,SURABHI,PRADAN,
Gariyaband,Chhurra,330000151720,TIRANGA,PRADAN,
Gariyaband,Deobhog,330000151731,AASHTHA MAHILA CLF DEOBHOG,,
Gariyaband,Deobhog,330000151749,UNNATI MAHILA CLF KADLIMUDA,,
Gariyaband,Deobhog,330000151754,EKTA MAHILA CLF GIRSUL,,
Gariyaband,Deobhog,330000151765,PRATIGYA CLF JHAKHARPARA,,
Gariyaband,Fingeshwar,330000151796,VIJAY VIKAS,PRADAN,
Gariyaband,Fingeshwar,330000151806,SURBHI,,
Gariyaband,Fingeshwar,330000151783,MAA JANANI,,
Gariyaband,Fingeshwar,330000151777,SHUB SAVERA MAHILA CLASTER SANGTHN SYAMNAGAR,PRADAN,
Gariyaband,Gariyaband,330000151823,UNNATI CLUSTER SANGATHAN KOCHBAY,PRADAN,
Gariyaband,Gariyaband,330000151847,PRAGATI SANKUL SANGATHAN DHAWALPURDIH,,
Gariyaband,Gariyaband,330000151810,VASUNDHARA SANKUL SANGATHAN PHULKARRA,,
Gariyaband,Gariyaband,330000151834,SANJIVANI SANKUL SANGATHAN AMADI D JOBA,,
Gariyaband,Mainpur,330000151881,ROSHANI CLF,,
Gariyaband,Mainpur,330000151875,PRERNA MAHILA CLF,,
Gariyaband,Mainpur,330000151852,SURBHI CLF,,
Gariyaband,Mainpur,330000151868,NIRMAL MAHILA CLF,,
Gaurella Pendra Marwahi,Gaurella,330000151899,PRAGATI MAHILA SANKUL SANGHATAN LALPUR,,
Gaurella Pendra Marwahi,Gaurella,330000151913,KOHINOOR AAJEEVIKA MAHILA SANKUL SANGATHAN SARBAHRA,,
Gaurella Pendra Marwahi,Gaurella,330000151909,JEEVAN DEEP AAJIVIKA MAHILA SANKUL SANGHATAN JOGISAR,,
Gaurella Pendra Marwahi,Gaurella,330000151921,TEJASWINI MAHILA SANKUL SANGATHAN DEVARG,,
Gaurella Pendra Marwahi,Marwahi,330000151950,SANJEEVANI MAHILA AJIVIKA SANKUL SANGATHAN,,
Gaurella Pendra Marwahi,Marwahi,330000151945,DHESH BHAKTI MAHILA SANKUL SANGATHAN ANDI,,
Gaurella Pendra Marwahi,Marwahi,330000151932,NARI UTTHAN MAHILA SANKUL SANGATHAN,,
Gaurella Pendra Marwahi,Marwahi,330000151966,JOYTI MAHILA AJVIKA SANKUL SANGATHAN,,
Gaurella Pendra Marwahi,Pendra,330000150155,AADRSHA AAJEEVIKA MAHILA CLUSTER FEDERATION KOTMI KALA,,
Gaurella Pendra Marwahi,Pendra,330000150172,NAVYA AAJEEVIKA MAHILA CLUSTER FEDERAEION PATGAWAN,,
Gaurella Pendra Marwahi,Pendra,330000150140,SMART AAJEEVIKA MAHILA CLUSTER FEDERATION NAWAGAON,,
Gaurella Pendra Marwahi,Pendra,330000150164,PRERNA AAJEEVIKA MAHILA CLUSTRE FEDERATION AMADAND,,
Janjgir-champa,Akaltara,330000152302,MAA JAGDAMA MAHILA SANKUL SANGHATAN,,
Janjgir-champa,Akaltara,330000152325,ABHILASHA ILL MAHILA SANKUL SANGTHAN KOTMISONAR,,
Janjgir-champa,Akaltara,330000152292,UJJWALA MAHILA SANKUL SANGATHAN KAPAN,,
Janjgir-champa,Akaltara,330000152318,SANSKAR MAHILA SANKUL SANGATHAN,,
Janjgir-champa,Bahmindih,330000152339,RIMJHIM MAHILA CLUSTER SANGATHAN BAMHANIDIH,,
Janjgir-champa,Bahmindih,330000152360,UNNATI MAHILA CLUSTER SANGATHAN BIRRA,,
Janjgir-champa,Bahmindih,330000152356,TIRANGA MAHILA CLUSTER SANGHATHAN SARHAR,,
Janjgir-champa,Bahmindih,330000152341,SAFALTA MAHILA CLUSTER SANGATHAN CHORIYA,,
Janjgir-champa,Balauda,330000152387,UMANG MAHILA CLUSTAR SANGATHAN PAHARIYA,,
Janjgir-champa,Balauda,330000152394,SADBHAVNA MAHILA CLUSTAR SANGATHAN JARVE BA,,
Janjgir-champa,Balauda,330000152373,PRAGATI MAHILA CLUSTER SANGATHAN CHARPARA,,
Janjgir-champa,Balauda,330000152409,BIHAN MAHILA KALASTAR SANGATHAN KURDA,,
Janjgir-champa,Nawagarh,330000152547,SAHARA MAHILA CLUSTER SANGATHAN KATAUD,,
Janjgir-champa,Nawagarh,330000152534,BHARTI MAHILA CLUSTER SANGHATAN SEMRA,,
Janjgir-champa,Nawagarh,330000152568,AARTI MAHILA CULSTER SANGATHAN GAUD,,
Janjgir-champa,Nawagarh,330000152552,SANGINI MAHILA CLUSTER SANGATHAN KHOKHRA,,
Janjgir-champa,Pamgarh,330000152608,EKTA MAHILA CLFLOHARSI,,
Janjgir-champa,Pamgarh,330000152581,GYAN GANGA MAHILA CLUSTER SANGTHAN PAMAGRH,,
Janjgir-champa,Pamgarh,330000152599,MAHILA SHAKTI CLF BARGAO,,
Janjgir-champa,Pamgarh,330000152575,MUSKAN MAHILA SANKUL SANGATHAN SASAHA,,
Jashpur,Bagicha,330000151978,SANGHARS SANGH CLUSTER SANGATHAN,,
Jashpur,Bagicha,330000152007,RANI LAXMI BAI CLF SANNA,,
Jashpur,Bagicha,330000151984,JHANSI KI RANI CLUSTER SANGATHAN,,
Jashpur,Bagicha,330000151997,PRAGATI SANKUL SANGATHAN SARABKOMBO,,
Jashpur,Duldula,330000152011,SHAKTI MAHILA CLUSTER,,
Jashpur,Duldula,330000152048,HARIYALI MAHILA CLUSTER SANGATHAN,,
Jashpur,Duldula,330000152024,ARTI MAHILA CLUSTER SANGATHAN,,
Jashpur,Duldula,330000152030,GRIMA MHILA CLUSTER,,
Jashpur,Jashpur,330000152076,HARYALI MAHILA CLF,,
Jashpur,Jashpur,330000152069,MEERA MAHILA CLF,,
Jashpur,Jashpur,330000152053,PRERNA MAHILA CLF,,
Jashpur,Jashpur,330000152082,DEEP MAHILA COLUSTER SANGATHAN SANKUL LODAM,,
Jashpur,Kansabel,330000152105,PRATIBHA MAHILA CLUSTER SANGATHAN KANSABEL,PRADAN,
Jashpur,Kansabel,330000152122,KALPNA MAHILA CLUSTER SANGATHAN,PRADAN,
Jashpur,Kansabel,330000152095,SONIYA MAHILA CLUSTER SANGATHAN BATAIKELA,,
Jashpur,Kansabel,330000152114,MAHILA SHAKTI CLUSTER SANGATHAN DOKRA,,
Jashpur,Kunkuri,330000152146,NAI ASHA CLUSTER SANGATHAN,,
Jashpur,Kunkuri,330000152133,SANKALP CLUSTER SANGATHAN NARAYANPUR,,
Jashpur,Kunkuri,330000152151,NAI DISHA CLUSTER SANGATHAN,,
Jashpur,Kunkuri,330000152167,PRATIGYA CLUSTER SANGATHAN,,
Jashpur,Manora,330000152180,GAGAN MAHILA,,
Jashpur,Manora,330000152179,DIKSHA MAHILA,,
Jashpur,Manora,330000152200,DHARTI MAHILA CLUSTER SANGATHAN,,
Jashpur,Manora,330000152198,NARI SHAKTI VO,,
Jashpur,Patthalgaon,330000152216,JEEVAN DHARA CLUSTER PATTHALGAON,,
Jashpur,Patthalgaon,330000152244,NAYA SABERA,,
Jashpur,Patthalgaon,330000152228,MAHIMA MAHILA CLUSTER,,
Jashpur,Patthalgaon,330000152237,PRERNA MAHILA CLF,,
Jashpur,Pharsabahar,330000152263,NARI SHAKTI CLUSTER SANGATHAN BHELWAN,,
Jashpur,Pharsabahar,330000152285,KAVYA CLUSTER SANGATHAN GANJHIYADIH,,
Jashpur,Pharsabahar,330000152271,ADARSH CLUSTER SANGATHAN PHARSABAHAR,,
Jashpur,Pharsabahar,330000152259,VIKAS CLUSTER SANGATHAN TAPKARA,,
Kanker,Antagarh,330000153245,UMANG MAHILA CLUSTER SANGATHAN TADOKI,,
Kanker,Antagarh,330000153232,ASHA MAHILA CLUSTER SANGATHAN AMABEDA,,
Kanker,Antagarh,330000153221,BHUMI MAHILA CLUSTER SANGATAN PODGAON,,
Kanker,Antagarh,330000153213,SANGAM MAHILA CLUSTER SANGADHAN KALGAON,,
Kanker,Bhanupratappur,330000153284,MAHILA SHAKTI SANGATHAN SANKUL HATKARRA,PRADAN,
Kanker,Bhanupratappur,330000153278,MAHILA SHAKTI SANGTHAN SANKUL KANHARGAON,PRADAN,
Kanker,Bhanupratappur,330000153266,MAHILA SHAKTI SANGHATAN SANKUL,PRADAN,
Kanker,Bhanupratappur,330000153250,KEWATI SANKUL MAHILA SANGATHAN,PRADAN,
Kanker,Charama,330000153297,KALPANA MAHILA KALASTAR SANGATHAN AWARI,,
Kanker,Charama,330000153324,PAHCHAN MAHILA CLUSTER SANGHTHAN CLUSTER PURI,,
Kanker,Charama,330000153311,SANGAM MAHILA CLASTAR SANGATHAN HALBA,PRADAN,
Kanker,Charama,330000153307,SAGAR MAHILA CULASTER SANGATHAN,PRADAN,
Kanker,Durgukondal,330000153330,PRAGATI MAHILA KALASTAR SANGATHAN PEDAWA RI,,
Kanker,Durgukondal,330000153369,AGNI SIKHA MAHILA CLUSTER SANGATHAN,,
Kanker,Durgukondal,330000153353,KALYANI MAHILA KALASTAR SANGTHAN SURUNGDOH CLF,,
Kanker,Durgukondal,330000153348,"PAHCHAN MAHILA CULSTER SANGTHAN ,HATKOND AL",,
Kanker,Kanker,330000153437,MAHANADI MAHILA CLUSTER MAKDIKHUNA,TRI,
Kanker,Kanker,330000153416,KANCHAN MAHILA CLUSTER SANGATHAN GRAM PANCHAYAT BARDEORI,TRI,
Kanker,Kanker,330000153428,JAGRUK MAHILA CLUSTER SANGATHA,TRI,
Kanker,Kanker,330000153444,ADARSH MAHILA CLUSTER SANGATHAN GADHPICH WADI,TRI,
Kanker,Koilebeda,330000153376,UGATA SURAJ MAHILA CLUSTER SANGTHAN SEC- ASEBEDA,,
Kanker,Koilebeda,330000153395,SHOYRYA MAHILA SHANKUL STARIYA SHG,,
Kanker,Koilebeda,330000153382,UMANG MAHILA CLUSTER SANGATHAN SECTOR CHHOTE KAPSI,,
Kanker,Koilebeda,330000153400,JAMUNA MAHILA SANKUL SANGATHAN SANKUL KOYALIBEDA,,
Kanker,Narharpur,330000153463,KAVERI MAHILA CLUSTER UMRADAH,PRADAN,
Kanker,Narharpur,330000153459,NARI SHAKTI MAHILA CLUSTER SANGATHAN DUDHAWA,,
Kanker,Narharpur,330000153485,VIKAS MAHILA CLUSTER SANGTHAN SARONA,PRADAN,
Kanker,Narharpur,330000153471,KAPI DEVI MAHILA CLUSTER SANGHTAN,PRADAN,
Kawardha,Bodla,330000152665,BHORAMDEV CLUSTER LEVEL FEDERATION RAJANAVAGAON,PRADAN,
Kawardha,Bodla,330000152654,PAHAL CLUSTER LEVEL FEDERATION PONDI,,
Kawardha,Bodla,330000152683,VANANCHAL CLUSTER LEVEL FEDERATION RENGAKHAR KALA,,
Kawardha,Bodla,330000152677,SAVERA CLUSTER LEVEL FEDERATION BAIJALPUR,,
Kawardha,Kawardha,330000152715,SRIJAN MAHAILA SANKUL,,
Kawardha,Kawardha,330000152696,SRISHTI MAHILA SANKUL SANGHATHAN,,
Kawardha,Kawardha,330000152727,UDAAN MAHILA SANKUL,,
Kawardha,Kawardha,330000152704,VANDEMATARAM MAHILA SANKUL,,
Kawardha,Pandariya,330000152762,INDRAVATI MAHILA CLF KUKDUR,,
Kawardha,Pandariya,330000152758,SATYA MEV JYATE MAHILA CLF PANDATARAI,,
Kawardha,Pandariya,330000152743,STYAM SHIVAM SUNDARAM MAHILA CLF KUNDA,,
Kawardha,Pandariya,330000152736,VANDEMATRAM MAHILA CLF KISHUNGARH,,
Kawardha,S Lohara,330000152770,PRAYASH CLF UDIYAKALA,,
Kawardha,S Lohara,330000152791,MAHANADI CLF BIDORA,,
Kawardha,S Lohara,330000152789,PRAYAG CLF B CHARBHATH,,
Kawardha,S Lohara,330000152801,UJALA CLF RANVIRPUR,,
Khairgarh Chhuikhadan Gandai,Chhuikhadan,330000154511,ANAND SANKUL SANGATHAN SALHEWARA,,
Khairgarh Chhuikhadan Gandai,Chhuikhadan,330000154480,VIDYA SANKUL SANGATHAN CHHUIKHADAN,PRADAN,
Khairgarh Chhuikhadan Gandai,Chhuikhadan,330000154507,VANDANA SANKUL SANGATAHN SANKUL BUNDELI,,
Khairgarh Chhuikhadan Gandai,Chhuikhadan,330000154498,FULWARI SAKUL SANGTHAN GANDAI,PRADAN,
Khairgarh Chhuikhadan Gandai,Khairagarh,330000154666,SAGAR SANKUL SANGATHAN JALBANDHA,,
Khairgarh Chhuikhadan Gandai,Khairagarh,330000154678,SHUBHAM SANKUL SANGTAN,,
Khairgarh Chhuikhadan Gandai,Khairagarh,330000154650,SANGAM SANKUL SANGATHAN THELKADIH,,
Khairgarh Chhuikhadan Gandai,Khairagarh,330000154645,SRIJAN SANKUL SANGATHAN KHAIRAGARH,,
Kondagaon,Baderajpur,330000153039,AKASH MAHILA CLUSTER SANGATHAN,,
Kondagaon,Baderajpur,330000153041,KARTAVYA MAHILA CLUSTER SANGATHAN TITAR WAND,,
Kondagaon,Baderajpur,330000153025,UJALA MAHILA KALASTER SANGATHAN BADERAJP UR,,
Kondagaon,Baderajpur,330000153018,DIVYA MAHILA CLUSTER VISHRAMPURI,,
Kondagaon,Keshkal,330000153115,NAVODAY CLUSTER SANGTHAN BAHIGAON,,
Kondagaon,Keshkal,330000153127,AKANSHA MAHILA CLUSTER SANGHTHAN DHANORA,,
Kondagaon,Keshkal,330000153104,JIVANDHARA MAHILA CULSTER SANGHATAN-ADEN GA,,
Kondagaon,Keshkal,330000153094,UJALA MAHILA CLUSTER SANGTHAN KESHKAL,,
Kondagaon,Kondagaon,330000153060,JAY MA KARMA MAHILA KALASTAR,PRADAN,
Kondagaon,Kondagaon,330000153060,JAY MA KARMA MAHILA KALASTAR,TRI,
Kondagaon,Kondagaon,330000153087,GARIMA MAHILA CLUSTER SANGATHAN DAHIKONGA,TRI,
Kondagaon,Kondagaon,330000153056,SURYODAY MAHILA CLUSTER SANGATHAN CHIPAWAND,TRI,
Kondagaon,Kondagaon,330000153073,ASHA MAHILA CLUSTER SANGATHAN MASORA,TRI,
Kondagaon,Makdi,330000153136,GYANODAY MAHILA SANGATHAN,,
Kondagaon,Makdi,330000153158,ANTODAYA MAHILA SANGTHAN ANANTPUR,,
Kondagaon,Makdi,330000153162,SARVODAYA MAHILA SAGATHAN SHAMPUR,,
Kondagaon,Makdi,330000153143,GRAMODAY MAHIL SANGATHAN RANDHNA,,
Kondagaon,Pharasgaon,330000153209,NAI MANJIL KALASTAR SANGATAN BADEDONGAR,,
Kondagaon,Pharasgaon,330000153191,NAYI DISHA MAHILA SANKUL SANGHTHAN PHRASGAON,,
Kondagaon,Pharasgaon,330000153189,AANCHAL MAHILA SANKUL SANGATHAN LANJODA NRLM,,
Kondagaon,Pharasgaon,330000153170,NAEE KIRAN MAHILA SANKUL SANGATHAN KONGUD,,
Korba,Kartala,330000152817,MUSHKAN MAHILA CLF,,
Korba,Kartala,330000152829,SANGAM MAHILA CLUSTAR,,
Korba,Kartala,330000152840,MAMTA MAHILA CLF TUMAN,,
Korba,Kartala,330000152838,PRAKASH MAHILA CLUSTER SANGATHAN,,
Korba,Katghora,330000152872,SUBH SAVERA MAHILA CLF,,
Korba,Katghora,330000152886,SAKHI MAHILA CLF,,
Korba,Katghora,330000152864,VIJAY VIKAS MAHILA CLF,,
Korba,Katghora,330000152855,JANNI MAHILA CLF,,
Korba,Korba,330000152926,PRAGATI MAHILA CLF,,
Korba,Korba,330000152903,ABHILASHA CLF,,
Korba,Korba,330000152893,SANGAM MAHILA CLF,,
Korba,Korba,330000152919,SAGAR MAHILA CLF,,
Korba,Pali,330000152961,SANGAM MAHILA CLF HARDIBAJAR,,
Korba,Pali,330000152957,UDAN MAHILA CLF PODI,,
Korba,Pali,330000152942,SAGAR MAHILA CLF SAILA,PRADAN,
Korba,Pali,330000152935,VASHUNDHRA CLF CHAITMA,PRADAN,
Korba,Podi Uparoda,330000153002,CHANCHAL SANKUL SANGATHAN,,
Korba,Podi Uparoda,330000152974,JEEVANDHARA SANKUL SANGATHAN,,
Korba,Podi Uparoda,330000152990,AKTA MAHILA SHANKUL SANGATHAN JATGA,,
Korba,Podi Uparoda,330000152988,ASHA SHANKUL SANGATHAN PASAN,,
Korea,Baikunthpur,330000153535,JYOTI MAHILA CLASTER SANGATHAN PATNA,,
Korea,Baikunthpur,330000153574,DESH BHAKTI MAHILA CLASTER SANGATHAN NAGAR,,
Korea,Baikunthpur,330000153561,NARI SHAKTI MAHILA CLASTER SANGATHA BUDAR,,
Korea,Baikunthpur,330000153557,UNNATI MAHILA CLASTER SANGATHAN BADGAON,PRADAN,
Korea,Khadgawana,330000212562,SAMRIDDHI MAHILA SANKUL SANGATHAN,,
Korea,Khadgawana,330000153588,KALPNA MAHILA CLF BARDAR,,
Korea,Khadgawana,330000153601,ATAL MAHILA CLF DEVADAN,,
Korea,Khadgawana,330000153590,RANI AVANTI MAHILA CLF DUGGI,,
Korea,Sonhat,330000153686,AKASH MAHILA CLF,,
Korea,Sonhat,330000153672,KRANTI MAHILA SANKUL SANGATHAN,PRADAN,
Korea,Sonhat,330000153693,SAGAR MAHILA SANKUL SANGATHAN,,
Korea,Sonhat,330000153664,SANGHARSH MAHILA SANKUL SANGATHAN,,
Mahasamund,Bagbahara,330000153820,DEEPAK MAHILA CLUSTER SANGATHAN,,
Mahasamund,Bagbahara,330000153854,RADHA KRISHNA MAHILA CLUSTER SANGATHAN TENDUKONA,,
Mahasamund,Bagbahara,330000153849,JAY MAA KHALLARI MAHILA CLUSTER SANGATHAN GRAM KHALLARI,,
Mahasamund,Bagbahara,330000153831,VAN DEVI MAHILA CLUSTER,,
Mahasamund,Basna,330000153896,JIVAN JYOTI MAHILA CLUSTER SANGHTHAN GARHFULJHAR,,
Mahasamund,Basna,330000153883,MUSKAN MAHILA CLUSTER SANGHTHAN SINGHANPUR,,
Mahasamund,Basna,330000153865,PRATIBHA MAHILA CLUSTER SAGHTHAN BHANWARPUR,,
Mahasamund,Basna,330000153877,CHANDANI MAHILA CLUSTER SANGHTHAN LAMBER,,
Mahasamund,Mahasamund,330000153906,SRIJAN MAHILA CLUSTER SANGTHAN PATEWA,,
Mahasamund,Mahasamund,330000153910,JANANI MAHILA CLUSTER SANGATAN KHAIRA,,
Mahasamund,Mahasamund,330000153934,VATSALYA MAHILA CLUSTER SANGTHAN JHALAP,,
Mahasamund,Mahasamund,330000153923,NIRMAL GANGA MAHILA CLUSTER SANGTHAN BHORING,,
Mahasamund,Pithora,330000153968,CHETNA MAHILA CLUSTER SANGATHAN KAUHAKUDA,,
Mahasamund,Pithora,330000153952,JANJAGARAN MAHILA CLUSTER SANGATHAN LAKHAGARH,,
Mahasamund,Pithora,330000153975,SURBHI MAHILA CLUSTER SANGATHAN PIRDA,,
Mahasamund,Pithora,330000153947,UDAN MAHILA SANKUL SANGATHAN SANKARA,,
Mahasamund,Saraipali,330000154012,AADARSH MAHILA KALSTAR SANGATHAN KEDUWA,,
Mahasamund,Saraipali,330000153981,NAI DISHA MAHILA CLUSTER SANGATHAN,,
Mahasamund,Saraipali,330000153999,NAI KIRAN MAHILA CULSTOR SGHTN BALODA,,
Mahasamund,Saraipali,330000154008,DHARTI MAHILA CLUSTER SANGTHAN SINGHODA,,
Manendragarh Chirimiri Bharatpur,Bharatpur,330000153519,LAKSH MAHILA CLF MADISARAI,,
Manendragarh Chirimiri Bharatpur,Bharatpur,330000153526,AMRITDHARA MAHILA CLF,,
Manendragarh Chirimiri Bharatpur,Bharatpur,330000153542,KOREA MAHILA CLF JANAKPUR,,
Manendragarh Chirimiri Bharatpur,Bharatpur,330000153503,JEEVANDEEP MAHILA CLF BAHARASI,,
Manendragarh Chirimiri Bharatpur,Manendragarh,330000153629,SONHA BIHAN,PRADAN,
Manendragarh Chirimiri Bharatpur,Manendragarh,330000153638,UJJAWAL BIHAN AAJIWIKA MAHILA SANKUL SANGTHAN,,
Manendragarh Chirimiri Bharatpur,Manendragarh,330000153640,NAVA BIHAN AAJIWIKA MAHILA SANKUL SANGTHAN,,
Manendragarh Chirimiri Bharatpur,Manendragarh,330000153655,SANGAM BIHAN AJIVIKA MAHILA SANKUL SANGHATHAN,,
Mohla Manpur Ambagarh Chouki,A. Chowki,330000154451,AARADHANA SANKUL,PRADAN,
Mohla Manpur Ambagarh Chouki,A. Chowki,330000154467,ADARSH CLUSTER SANGATHAN AMATOLA,PRADAN,
Mohla Manpur Ambagarh Chouki,A. Chowki,330000154479,CHHATTISGARH MAHTARI CLUSTER SANGTHAN,,
Mohla Manpur Ambagarh Chouki,A. Chowki,330000154446,SANGAM MAHILA SANKUL SNAGATHAN ATARGAON,,
Mohla Manpur Ambagarh Chouki,Manpur,330000154737,MAMATA SANKUL,,
Mohla Manpur Ambagarh Chouki,Manpur,330000154744,AANCHAL SANKUL SAMGHTHAN,PRADAN,
Mohla Manpur Ambagarh Chouki,Manpur,330000154728,MA SHAKTI SANKUL SANGHATAHN,,
Mohla Manpur Ambagarh Chouki,Manpur,330000154759,TIRANGA SANKUL SANGATHAN,PRADAN,
Mohla Manpur Ambagarh Chouki,Mohla,330000154684,NARI SHAKTI MAHILA SANKUL SANGTHAN,,
Mohla Manpur Ambagarh Chouki,Mohla,330000154716,VANDANA SANKUL SANGATHAN-GOTATOLA,PRADAN,
Mohla Manpur Ambagarh Chouki,Mohla,330000154697,DISHA MAHILA AAJEEVIKA SANKUL SANGATHAN,PRADAN,
Mohla Manpur Ambagarh Chouki,Mohla,330000154700,VAIBHAV CLUSTER SANGHTHAN,,
Mungeli,Lormi,330000153705,DHARTI MATA CLUSTER SANGATHAN BODTARA,,
Mungeli,Lormi,330000153733,SAGAR CLUSTER SANGATHAN KHUDIYA,,
Mungeli,Lormi,330000153714,DHARTIPUTRA CLUSTER SANGATHN KOTRI,,
Mungeli,Lormi,330000153722,DHAROHAR CLUSTER SANGATHAN CHANDLI,,
Mungeli,Mungeli,330000153767,MATRBHUMI CLUSTER SANGATHAN,,
Mungeli,Mungeli,330000153751,SURBHI CULSTRE SANGHATAN JARHAGAON,,
Mungeli,Mungeli,330000153779,SURUCHI MAHILA CLUSTER SANGATHAN KANTELI BLOCK MUNGELI,,
Mungeli,Mungeli,330000153746,NARI SHAKTI KALASTER SANGANTTAN SETGANGA,,
Mungeli,Pathariya,330000153798,TIRANGA CLUSTER,,
Mungeli,Pathariya,330000153780,AADARSH MAHILA COLOSTR SILTRA,,
Mungeli,Pathariya,330000153808,JANNI COLOSTAR ROHRAKALA,,
Mungeli,Pathariya,330000153812,ABHILASHA MAHILA COLUSTER SANGTHAN,,
Narayanpur,Narayanpur,330000154031,SWARNA JYOTI MAHILA,,
Narayanpur,Narayanpur,330000154020,EKTA MAHILA,,
Narayanpur,Narayanpur,330000154054,AADRASH MAHILA CULASTER SANGTAN,,
Narayanpur,Narayanpur,330000154049,JANCHETNA,,
Narayanpur,Orchha,330000278701,NAVEEN MAHILA,,
Narayanpur,Orchha,330000288690,PRAGATI MAHILA CLUSTER,,
Narayanpur,Orchha,330000285216,JAGRITI MAHILA CLUSTER SANGATHAN,,
Raigarh,Dharamjaigarh,330000154134,VIKAS MAHILA CLF,,
Raigarh,Dharamjaigarh,330000154123,MAHAMAYA AAJEEVIKA CLF,,
Raigarh,Dharamjaigarh,330000154110,MAA CLF,,
Raigarh,Dharamjaigarh,330000154106,ROSHANI MAHILA CLF,,
Raigarh,Ghargoda,330000154168,DEEP MAHILA SANKUL SANGATHAN,,
Raigarh,Ghargoda,330000154175,SHRI MAHILA SANKUL SANGATHAN,,
Raigarh,Ghargoda,330000154147,SHRI GANESH SANKUL SANGATHAN,,
Raigarh,Ghargoda,330000154152,MAA SHRI SANKUL SANGTHAN,,
Raigarh,Kharsia,330000154199,MUSKAN MAHILA CLUSTER SANGATHAN TUREKELA,,
Raigarh,Kharsia,330000154217,MAHIMA MAHILA CLUSTER SANGATHAN CHAPLE,,
Raigarh,Kharsia,330000154181,AMRIT MAHILA CLUSTER SANGATHAN KUNKUNI,,
Raigarh,Kharsia,330000154201,SANGAM MAHILA CLUSTER SANGATHAN BARRA,,
Raigarh,Lailunga,330000154229,NARI SHAKTI MAHILA UPSANGH MUKDEGA,,
Raigarh,Lailunga,330000154240,NARI EKTA MAHILA UPSANGH RAJPUR,PRADAN,
Raigarh,Lailunga,330000154255,MAHILA SANJIVANI UPSANGH NARAYANPUR,,
Raigarh,Lailunga,330000154238,MAHILA KALYAN SANKUL JHAGARPUR,,
Raigarh,Pusore,330000154286,SHUBH CLF,,
Raigarh,Pusore,330000154264,CHANDRAHASINI CLF,,
Raigarh,Pusore,330000154293,SANGWARI CLF,,
Raigarh,Pusore,330000154272,PRERANA CLF,,
Raigarh,Raigarh,330000154319,SAKHI SAHELI CLF LOING,PRADAN,
Raigarh,Raigarh,330000154335,NARI SHAKTI CLF NANDELI,PRADAN,
Raigarh,Raigarh,330000154326,NARI EKTA CLF KUSMURA,PRADAN,
Raigarh,Raigarh,330000154303,NARI VIKAS CLF SAMBALPURI,PRADAN,
Raigarh,Tamnar,330000154414,SANGHARSH CLF DOLESARA,,
Raigarh,Tamnar,330000154422,AARTI CLF MILUPARA,,
Raigarh,Tamnar,330000154433,UDAN CLF SARAIPALI,,
Raigarh,Tamnar,330000154405,MAHILA JAGRITI CLF DHAURABHANTHA,PRADAN,
Raipur,Abhanpur,330000154841,UNNATI MAHILA CLUSTER SANGATHAN POND,,
Raipur,Abhanpur,330000154873,PRAGATI MAHILA SANKUL STARIYA SWA,,
Raipur,Abhanpur,330000154860,CHANCHAL CULASTER SANGATHAN KHORPA,,
Raipur,Abhanpur,330000154856,AADARSH MAHILA CLUSTER SANGHATHAN,,
Raipur,Arang,330000154825,AMRIT MAHILA SANKUL SANGATHAN GULLU,PRADAN,
Raipur,Arang,330000154818,SANGAM KALASTAR SANGATHAN RASANI,PRADAN,
Raipur,Arang,330000154802,ASHA CLUSTER SANGTHAN GRAM CHANDKHUR,PRADAN,
Raipur,Arang,330000154839,KHUSHI CULSTER SANGATHAN BHAINSA,,
Raipur,Dharsiwa,330000154904,SHAKTI MAHILA CLUSTER SANGTHAN,,
Raipur,Dharsiwa,330000154887,VEENA CLUSTER SANGTHAN,,
Raipur,Dharsiwa,330000154915,LAKSHYA MAHILA CLUSTER SANGATHAN MANA BASTI,PRADAN,
Raipur,Dharsiwa,330000154894,GYANDEEP MAHILA CLUSTER SANGATHAN DHARSIVA,,
Raipur,Tilda,330000154943,CG MAHATARI CLUSTER SANGATHHAN BANGOLI,,
Raipur,Tilda,330000154936,NARI SAKTI CLUSTER SANGATHAN BELDAR SEONI,,
Raipur,Tilda,330000154958,AARADHANA CLUSTER SANGATHAN KOTA CLUSTER,PRADAN,
Raipur,Tilda,330000154927,BHUMI MAHILA CLUSTER SANGATHAN,PRADAN,
Rajnandagon,Chhuria,330000154530,MALA AJIVIKA SANKUL SANGATHAN CHHURIA,,
Rajnandagon,Chhuria,330000154524,KHUSHI AJEEVIKA SANKUL SANGHATHAN,,
Rajnandagon,Chhuria,330000154548,SAMRIDHI AAJIVIKA SANKUL SANGATHAN KUMAR DA,PRADAN,
Rajnandagon,Chhuria,330000154553,MAHATARI AJIVIKA SANKUL SANGATHAN,PRADAN,
Rajnandagon,Dongargaon,330000154582,BHARAT MATA SANKUL SANGHATAHAN,PRADAN,
Rajnandagon,Dongargaon,330000154582,BHARAT MATA SANKUL SANGHATAHAN,TRI,
Rajnandagon,Dongargaon,330000154595,ASTHA SANKUL SANGHATHAN SONESARAR,PRADAN,
Rajnandagon,Dongargaon,330000154595,ASTHA SANKUL SANGHATHAN SONESARAR,TRI,
Rajnandagon,Dongargaon,330000154576,SUPRABHAT CLUSTER SANGATHAN JAI BIHAN ARJUNI,TRI,
Rajnandagon,Dongargaon,330000154569,MATRIBHUMI SANKUL SANGATHAN TUMDIBOD,PRADAN,
Rajnandagon,Dongargaon,330000154569,MATRIBHUMI SANKUL SANGATHAN TUMDIBOD,TRI,
Rajnandagon,Dongargarh,330000154609,BHUMIKA CLUSTER SANGATHAN MURMUNDA,,
Rajnandagon,Dongargarh,330000154621,SANJEEVINY SANKUL SANGTHAN MUSRAKALA,,
Rajnandagon,Dongargarh,330000154613,ASTHA KALSTRAD SANGATHAN BIHAN DHARA DHARA,,
Rajnandagon,Dongargarh,330000154632,DISHA SANKUL SANGATHAN BORTALAB,,
Rajnandagon,Rajnandgaon,330000154763,ANCHAL CLASTER SANGATHAN PADUMTARA,PRADAN,
Rajnandagon,Rajnandgaon,330000154771,VRINDAVAN CLF SURGI BIHAN,PRADAN,
Rajnandagon,Rajnandgaon,330000154785,SAKHI CLUSTER SANGATHAN,PRADAN,
Rajnandagon,Rajnandgaon,330000154792,VAIBHAB MAHILA SANKUL SANGATHAN SANKUL GHUMKA,PRADAN,
Sakti,Dabhara,330000152413,NIRMAL MAHILA CLUSTER KIRARI,,
Sakti,Dabhara,330000152421,MANGALDEEP MAHILA CLF DHURKOT,,
Sakti,Dabhara,330000152432,CHHATTISGARH MAHTARI CLF MIRAUNI,,
Sakti,Dabhara,330000152445,SADBHAVANA MAHILA CLF GOBARA,,
Sakti,Jaijaipur,330000152466,SWATANTRA MAHILA CLUSTER SANGATHAN BHOTHIA,,
Sakti,Jaijaipur,330000152478,PRAKASH MAHILA SANKUL SANGTHAN HASAUD,,
Sakti,Jaijaipur,330000152484,SANSKAR MAHILA CLUSTER SANGATAN ODEKERA,,
Sakti,Jaijaipur,330000152450,DEVI MAHILA CALSTAR SANGTHAN THATHARI,,
Sakti,Malkharauda,330000152497,UJJWAL MAHILA CLUSTER SANGATHAN SAKRRA,,
Sakti,Malkharauda,330000152506,NAI DISHA MAHILA CLUSTER SANGATHAN,,
Sakti,Malkharauda,330000152510,UNNATI MAHILA CLUSTER SHANGHTAN SINGHARA,,
Sakti,Malkharauda,330000152523,PRAYTN MAHILA CLUSTER SANGATHAN CHAPORA,,
Sakti,Sakti,330000152612,AGRANI CLUSTER SANGATHAN JETHA,,
Sakti,Sakti,330000152649,SAMARPAN CLUSTER SANGATHAN ACHANAKPUR,,
Sakti,Sakti,330000152620,SANKALP CLF NANDELI,,
Sakti,Sakti,330000152631,HAMAR SANGWARI CLF NAGARDA,,
Sarangarh Bilaigarh,Baramkela,330000154096,SAHELI CLUSTER SANGTHAN LENDHRA,,
Sarangarh Bilaigarh,Baramkela,330000154065,SAKHI CLUSTER BUDELI,,
Sarangarh Bilaigarh,Baramkela,330000154083,ARADHANA,,
Sarangarh Bilaigarh,Baramkela,330000154077,JYOTI SANKUL SANGTHAN BONDA,,
Sarangarh Bilaigarh,Bilaigarh,330000149846,SANJOLI CLUSTER SANGATHAN,,
Sarangarh Bilaigarh,Bilaigarh,330000149822,SATHI CLUSTER,,
Sarangarh Bilaigarh,Bilaigarh,330000149833,SAMRIDHI CLUSTER,,
Sarangarh Bilaigarh,Bilaigarh,330000149814,PRARTHNA CLF,,
Sarangarh Bilaigarh,Sarangarh,330000154361,GARIMA SANKUL SANGTHAN SALAR,,
Sarangarh Bilaigarh,Sarangarh,330000154357,ROSHNI SANKUL SANGHATHAN,,
Sarangarh Bilaigarh,Sarangarh,330000154342,UNNATI SANKUL SANGHATHAN,,
Sarangarh Bilaigarh,Sarangarh,330000154388,MAA CHANDRAHASNI SANKUL SANGHATHAN,,
Sukma,Chhindgarh,330000154991,PRATIBHA MAHILA CLUSTER SANGATHAN,,
Sukma,Chhindgarh,330000154970,PRAGATI MAHILA CLUSTER SANGATHAN,,
Sukma,Chhindgarh,330000154962,SANVEDANA MAHILA CLUSTER SANGATHAN,,
Sukma,Chhindgarh,330000155009,UNNATI MAHILA CLUSTER SANGATHAN,,
Sukma,Chhindgarh,330000154989,SANGAM MAHILA CLUSTER SANGATHAN,,
Sukma,Konta,330000155045,PRATIGAN MAHILA SANGATHAN MARAIGUDA,,
Sukma,Konta,330000155013,KHUSHI MAHILA CLUSTER SANGATHAN SAMUH,,
Sukma,Konta,330000155021,UDAY MAHILA CLUSTER SANGTHAN ERRABORE,,
Sukma,Konta,330000155050,KRITIKA MAHILA KALSTAR SANGHTAN CHINTALNAR,,
Sukma,Konta,330000155032,VIDYA MAHILA CULSRER SANGTHAN DUBBATOTA,,
Sukma,Sukma,330000155066,TEJSHWANI MAHILA SANKUL STRIYA SANGTHAN,,
Sukma,Sukma,330000155084,INDRAWATI MHILA SANKUL STRIYA SANGTHAN,,
Sukma,Sukma,330000155078,BHARTI MAHILA SANKUL STRIYA SANGATHAN,,
Sukma,Sukma,330000155097,JIVAN SANKUL STARIYA MAHILA SANGATHAN,,
Surajpur,Bhaiyathan,330000155130,RANI LAXMI BAI CLUSTER SANGATHAN,,
Surajpur,Bhaiyathan,330000155124,INDIRA GANDHI CLUSTER SANGATHAN,,
Surajpur,Bhaiyathan,330000155107,DHANLAXMI MAHILA CLUSTER SANGHATHAN,,
Surajpur,Bhaiyathan,330000155111,AANCHAL MAHILA CLUSTER SANGHTHAN,,
Surajpur,Odagi,330000155153,PRAGATI MAHILA CLF,,
Surajpur,Odagi,330000155169,NARMADA MAHILA CLF,,
Surajpur,Odagi,330000155176,JHANSI RANI MAHILA CLF,,
Surajpur,Odagi,330000155148,DIVYA MAHILA CLF,,
Surajpur,Pratappur,330000155239,SAHARA MAHILA CLF,,
Surajpur,Pratappur,330000155225,MATA RAJMOHNI MAHILA CLF,,
Surajpur,Pratappur,330000155256,YASHODA MAHILA CLF,PRADAN,
Surajpur,Pratappur,330000155241,NARMADA MAHILA CLF,PRADAN,
Surajpur,Premnagar,330000155182,MA SHERAWALI MAHILA CLF,,
Surajpur,Premnagar,330000155195,ROSHANI MAHILA CLF,,
Surajpur,Premnagar,330000155218,DISHA MAHILA CLF,,
Surajpur,Premnagar,330000155202,AASTHA MAHILA CLF,,
Surajpur,Ramanujnagar,330000155273,GAGAN MAHILA CLF,,
Surajpur,Ramanujnagar,330000155294,AASTHA MAHILA CLF,,
Surajpur,Ramanujnagar,330000155260,VIKAS MAHILA CLF,,
Surajpur,Ramanujnagar,330000155287,LAKSHYA MAHILA CLF,,
Surajpur,Surajpur,330000155315,TEJSWANI MAHILA CLUSTER SANGATHAN,PRADAN,
Surajpur,Surajpur,330000155327,LAXMI MAHILA CLUSTER,PRADAN,
Surajpur,Surajpur,330000155336,RADHA MAHILA CLUSTER SANGATHAN,,
Surajpur,Surajpur,330000155304,UMANG MAHILA CLUSTER SANGATHAN SHIVNANDANPUR,PRADAN,
Surguja,Ambikapur,330000155358,JAI MAA SHAKTI AAJIVIKA CLUSTE,,
Surguja,Ambikapur,330000155370,SAMRIDHI SARGUJA SANGH AMBIKAPUR,PRADAN,
Surguja,Ambikapur,330000155362,VANDEVI AJIVIKA KALASTAR SANGH,PRADAN,
Surguja,Ambikapur,330000155343,ROSHANI AAJIVIKA KALASTER SANGH LAXMI PATAR JYA SINGH SUMITRA SINGH,PRADAN,
Surguja,Batauli,330000155406,HAMAR SANGWARI SANGH,PRADAN,
Surguja,Batauli,330000155389,SHIVSHAKTI AAJIVIKA CLUSTER SANGATHAN BATAULI,,
Surguja,Batauli,330000155391,JIGYASHA AAJIWIKA CLUSTER,PRADAN,
Surguja,Lakhanpur,330000155452,MRS. SABERA AJIBIKA SANKUL SAN,PRADAN,
Surguja,Lakhanpur,330000155468,SWAVERA AAJEEVIKA CLUSTER SANGTHAN,PRADAN,
Surguja,Lakhanpur,330000155475,SHIDHI AJIVIKA SANKUL SANGTHAN,,
Surguja,Lakhanpur,330000155481,SARSWATI AJIVIKA SANKUL SANGH LATORI,,
Surguja,Lundra,330000155423,EKATA AJIVIKA KALSTAR SHANGH ASKALA,,
Surguja,Lundra,330000155434,ROSHANI AJEEVIKA CLUSTER SANGH,PRADAN,
Surguja,Lundra,330000155447,SAMBRIDH SARGUJA CLUSTER SANGH DHOURPUR,,
Surguja,Lundra,330000155410,CHANDRAHASNI AJIVEEKA CLUSTER SANGATHAN,,
Surguja,Mainpat,330000155512,SURYA UDAY CLUSTER SANGH KAMLESHWARPUR,,
Surguja,Mainpat,330000155508,ROSHNI CLUSTER MAHILA NARBADA,PRADAN,
Surguja,Mainpat,330000155499,JIVAN SAHARA,PRADAN,
Surguja,Sitapur,330000155549,GANGA AJAVIKA CLUSTER SANGH GP BHUSU,PRADAN,
Surguja,Sitapur,330000155531,ANOKHA AAJIWIKA CLUSTER SANGH BANEYA,PRADAN,
Surguja,Sitapur,330000155520,AKSHAR KLUSTER AAJIVIKA SANGHTAN,,
Surguja,Udaipur,330000155565,JAI MAA BHARTI CLUSTER SANGTH,,
Surguja,Udaipur,330000155577,JHARNA AAJIVIKA CLUSTER SANGH KEDMA,,
Surguja,Udaipur,330000155583,DEVGARH CLUSTER SANG KHAMHAR,,
Surguja,Udaipur,330000155596,SAHARA AJIWIKA CLUSTORE SANGHA,,
